"Category","opera"
"92",11.11111111111111
"96",11.11111111111111
"122",33.333333333333336
"124",44.44444444444444