"Category","mobile safari"
"17",2.0408163265306123
"18",44.89795918367347
"26",53.06122448979592