"Category","gsa"
"390",42.857142857142854
"391",57.142857142857146