"Category","safari"
"16",4.761904761904762
"17",38.095238095238095
"18",33.333333333333336
"26",23.80952380952381