"Category","edge"
"140",8.108108108108109
"141",83.78378378378379
"142",5.405405405405405
"143",2.7027027027027026