"Category","Operating system"
"android",32.60473588342441
"windows",29.143897996357012
"ios",15.1183970856102
"mac os",13.114754098360656
"gnu/linux based",9.65391621129326
"others",0.36429872495446264