"Category","gnu/linux based"
"linux",98.11320754716981
"ubuntu",1.8867924528301887