"Category","mac os"
"10_15_7",84.72222222222223
"10_15",11.11111111111111
"10_12",1.3888888888888888
"10_12_6",2.7777777777777777