"Category","Timezone"
"UTC-04:00",25.500910746812387
"UTC-07:00",12.021857923497267
"UTC-05:00",11.293260473588342
"UTC+02:00",8.014571948998178
"UTC-00:00",7.6502732240437155
"UTC+03:00",6.0109289617486334
"UTC+01:00",4.735883424408015
"UTC+08:00",4.553734061930784
"UTC+05:30",3.6429872495446265
"UTC-03:00",2.914389799635701